{
  "best_epoch": 2,
  "validation_weighted_f1": 0.8868004884983511,
  "test_metrics": {
    "accuracy": 0.9042407660738714,
    "macro_precision": 0.8316269866099362,
    "macro_recall": 0.7801159072741807,
    "macro_f1": 0.7925426120692334,
    "weighted_precision": 0.923007389811486,
    "weighted_recall": 0.9042407660738714,
    "weighted_f1": 0.8982173150116751,
    "per_class": {
      "register": {
        "precision": 0.0,
        "recall": 0.0,
        "f1": 0.0,
        "support": 0
      },
      "login": {
        "precision": 1.0,
        "recall": 1.0,
        "f1": 1.0,
        "support": 42
      },
      "search": {
        "precision": 1.0,
        "recall": 1.0,
        "f1": 1.0,
        "support": 175
      },
      "view_product": {
        "precision": 0.7827868852459017,
        "recall": 1.0,
        "f1": 0.8781609195402299,
        "support": 191
      },
      "add_to_cart": {
        "precision": 1.0,
        "recall": 0.6187050359712231,
        "f1": 0.7644444444444445,
        "support": 139
      },
      "update_cart_quantity": {
        "precision": 1.0,
        "recall": 0.6222222222222222,
        "f1": 0.7671232876712328,
        "support": 45
      },
      "remove_from_cart": {
        "precision": 1.0,
        "recall": 1.0,
        "f1": 1.0,
        "support": 25
      },
      "purchase": {
        "precision": 0.8702290076335878,
        "recall": 1.0,
        "f1": 0.9306122448979591,
        "support": 114
      }
    },
    "confusion_matrix": [
      [
        0,
        0,
        0,
        0,
        0,
        0,
        0,
        0
      ],
      [
        0,
        42,
        0,
        0,
        0,
        0,
        0,
        0
      ],
      [
        0,
        0,
        175,
        0,
        0,
        0,
        0,
        0
      ],
      [
        0,
        0,
        0,
        191,
        0,
        0,
        0,
        0
      ],
      [
        0,
        0,
        0,
        53,
        86,
        0,
        0,
        0
      ],
      [
        0,
        0,
        0,
        0,
        0,
        28,
        0,
        17
      ],
      [
        0,
        0,
        0,
        0,
        0,
        0,
        25,
        0
      ],
      [
        0,
        0,
        0,
        0,
        0,
        0,
        0,
        114
      ]
    ]
  },
  "training_history": {
    "train_loss": [
      1.0053635379522996,
      0.3312522523680254,
      0.2419149738764183,
      0.22227003242258853,
      0.21673391567907707,
      0.2167005677742226,
      0.21720646100345462,
      0.21179492435575983,
      0.21242165636140922,
      0.20788622629430537,
      0.2077242195006511,
      0.20673817647942785,
      0.20645378813784043,
      0.2042717141551717
    ],
    "val_loss": [
      0.3965993974659894,
      0.2403596375439618,
      0.21817374390524788,
      0.21659868125979964,
      0.21301420194071694,
      0.22271486335509533,
      0.21110535537874375,
      0.21025540321259886,
      0.21079385119515495,
      0.21264785914807707,
      0.2098899473209639,
      0.20863317831142528,
      0.21294019576665518,
      0.20783007773193155
    ],
    "train_accuracy": [
      0.6819890141659439,
      0.8594969644405898,
      0.8791558253830587,
      0.884070540618676,
      0.8849378433073143,
      0.8820468343451865,
      0.8803122289679098,
      0.8895634576467187,
      0.8742411101474414,
      0.8866724486845909,
      0.8837814397224631,
      0.8875397513732293,
      0.8837814397224631,
      0.8863833477883781
    ],
    "val_accuracy": [
      0.8378378378378378,
      0.8932432432432432,
      0.8675675675675676,
      0.8824324324324324,
      0.8675675675675676,
      0.8675675675675676,
      0.8770270270270271,
      0.8905405405405405,
      0.8675675675675676,
      0.8675675675675676,
      0.8662162162162163,
      0.8770270270270271,
      0.8729729729729729,
      0.8702702702702703
    ]
  }
}