{
  "best_epoch": 7,
  "validation_weighted_f1": 0.8876788020909184,
  "test_metrics": {
    "accuracy": 0.9015047879616963,
    "macro_precision": 0.8230421591053501,
    "macro_recall": 0.7779229248180404,
    "macro_f1": 0.7888853412799773,
    "weighted_precision": 0.9185896570013867,
    "weighted_recall": 0.9015047879616963,
    "weighted_f1": 0.8955854078837868,
    "per_class": {
      "register": {
        "precision": 0.0,
        "recall": 0.0,
        "f1": 0.0,
        "support": 0
      },
      "login": {
        "precision": 1.0,
        "recall": 1.0,
        "f1": 1.0,
        "support": 42
      },
      "search": {
        "precision": 1.0,
        "recall": 1.0,
        "f1": 1.0,
        "support": 175
      },
      "view_product": {
        "precision": 0.7827868852459017,
        "recall": 1.0,
        "f1": 0.8781609195402299,
        "support": 191
      },
      "add_to_cart": {
        "precision": 1.0,
        "recall": 0.6187050359712231,
        "f1": 0.7644444444444445,
        "support": 139
      },
      "update_cart_quantity": {
        "precision": 0.9333333333333333,
        "recall": 0.6222222222222222,
        "f1": 0.7466666666666667,
        "support": 45
      },
      "remove_from_cart": {
        "precision": 1.0,
        "recall": 1.0,
        "f1": 1.0,
        "support": 25
      },
      "purchase": {
        "precision": 0.8682170542635659,
        "recall": 0.9824561403508771,
        "f1": 0.9218106995884774,
        "support": 114
      }
    },
    "confusion_matrix": [
      [
        0,
        0,
        0,
        0,
        0,
        0,
        0,
        0
      ],
      [
        0,
        42,
        0,
        0,
        0,
        0,
        0,
        0
      ],
      [
        0,
        0,
        175,
        0,
        0,
        0,
        0,
        0
      ],
      [
        0,
        0,
        0,
        191,
        0,
        0,
        0,
        0
      ],
      [
        0,
        0,
        0,
        53,
        86,
        0,
        0,
        0
      ],
      [
        0,
        0,
        0,
        0,
        0,
        28,
        0,
        17
      ],
      [
        0,
        0,
        0,
        0,
        0,
        0,
        25,
        0
      ],
      [
        0,
        0,
        0,
        0,
        0,
        2,
        0,
        112
      ]
    ]
  },
  "training_history": {
    "train_loss": [
      1.0973224256055207,
      0.3973488431681302,
      0.332215931568102,
      0.2590248381209983,
      0.23091035951214328,
      0.21995820409862524,
      0.2154540231924727,
      0.21523219704559063,
      0.22381144238193795,
      0.20690635924533668,
      0.21002762452582122,
      0.21405002748123583,
      0.2077106588810088,
      0.20914067771263156
    ],
    "val_loss": [
      0.4483222065745173,
      0.33327768718874135,
      0.2695493274443858,
      0.22791613783385303,
      0.2118806816436149,
      0.21131449760617438,
      0.21117854013636306,
      0.21741727075061282,
      0.2110227551009204,
      0.2168994380815609,
      0.21452051127279126,
      0.22036755374959996,
      0.21076854797633918,
      0.20806438391273085
    ],
    "train_accuracy": [
      0.6704249783174328,
      0.8328996819890142,
      0.8620988725065047,
      0.8791558253830587,
      0.884070540618676,
      0.8843596415148887,
      0.8814686325527609,
      0.8808904307603354,
      0.8771321191095692,
      0.885226944203527,
      0.8858051459959526,
      0.8771321191095692,
      0.8823359352413992,
      0.8860942468921653
    ],
    "val_accuracy": [
      0.8432432432432433,
      0.8432432432432433,
      0.8675675675675676,
      0.8621621621621621,
      0.8918918918918919,
      0.8851351351351351,
      0.8932432432432432,
      0.8648648648648649,
      0.8689189189189189,
      0.8635135135135135,
      0.8851351351351351,
      0.8635135135135135,
      0.8648648648648649,
      0.8702702702702703
    ]
  }
}