{
  "best_epoch": 4,
  "validation_weighted_f1": 0.8871924413483435,
  "test_metrics": {
    "accuracy": 0.8974008207934336,
    "macro_precision": 0.8058475587311187,
    "macro_recall": 0.7830398838823678,
    "macro_f1": 0.787119148758954,
    "weighted_precision": 0.9127962727149406,
    "weighted_recall": 0.8974008207934336,
    "weighted_f1": 0.8930672579806768,
    "per_class": {
      "register": {
        "precision": 0.0,
        "recall": 0.0,
        "f1": 0.0,
        "support": 0
      },
      "login": {
        "precision": 1.0,
        "recall": 1.0,
        "f1": 1.0,
        "support": 42
      },
      "search": {
        "precision": 1.0,
        "recall": 1.0,
        "f1": 1.0,
        "support": 175
      },
      "view_product": {
        "precision": 0.7827868852459017,
        "recall": 1.0,
        "f1": 0.8781609195402299,
        "support": 191
      },
      "add_to_cart": {
        "precision": 1.0,
        "recall": 0.6187050359712231,
        "f1": 0.7644444444444445,
        "support": 139
      },
      "update_cart_quantity": {
        "precision": 0.7674418604651163,
        "recall": 0.7333333333333333,
        "f1": 0.75,
        "support": 45
      },
      "remove_from_cart": {
        "precision": 1.0,
        "recall": 1.0,
        "f1": 1.0,
        "support": 25
      },
      "purchase": {
        "precision": 0.896551724137931,
        "recall": 0.9122807017543859,
        "f1": 0.9043478260869565,
        "support": 114
      }
    },
    "confusion_matrix": [
      [
        0,
        0,
        0,
        0,
        0,
        0,
        0,
        0
      ],
      [
        0,
        42,
        0,
        0,
        0,
        0,
        0,
        0
      ],
      [
        0,
        0,
        175,
        0,
        0,
        0,
        0,
        0
      ],
      [
        0,
        0,
        0,
        191,
        0,
        0,
        0,
        0
      ],
      [
        0,
        0,
        0,
        53,
        86,
        0,
        0,
        0
      ],
      [
        0,
        0,
        0,
        0,
        0,
        33,
        0,
        12
      ],
      [
        0,
        0,
        0,
        0,
        0,
        0,
        25,
        0
      ],
      [
        0,
        0,
        0,
        0,
        0,
        10,
        0,
        104
      ]
    ]
  },
  "training_history": {
    "train_loss": [
      0.8391372724617965,
      0.33151686799085944,
      0.25084873358873866,
      0.23525297560334102,
      0.22661539692518923,
      0.22317497858287075,
      0.22343014790637494,
      0.21389482093015894,
      0.21699431812930253,
      0.21555945660109058,
      0.21185827473963595,
      0.21222920358473737,
      0.20842666186147218,
      0.2080873408718032
    ],
    "val_loss": [
      0.3569381030830177,
      0.256496781352404,
      0.22435620290202063,
      0.2122822722067704,
      0.22475921270009633,
      0.2251627919641701,
      0.21438030020610707,
      0.22299696803092955,
      0.21080257546257328,
      0.2084522140187186,
      0.2075466089152001,
      0.2067930869154028,
      0.20784005522727966,
      0.20676310432923806
    ],
    "train_accuracy": [
      0.7519514310494363,
      0.8641225787799942,
      0.8814686325527609,
      0.8814686325527609,
      0.8817577334489737,
      0.8863833477883781,
      0.8794449262792715,
      0.8823359352413992,
      0.8797340271754842,
      0.8753975137322926,
      0.8832032379300376,
      0.8803122289679098,
      0.8878288522694421,
      0.8892743567505059
    ],
    "val_accuracy": [
      0.8418918918918918,
      0.8675675675675676,
      0.8756756756756757,
      0.8918918918918919,
      0.8851351351351351,
      0.8594594594594595,
      0.8675675675675676,
      0.8621621621621621,
      0.8932432432432432,
      0.8918918918918919,
      0.8918918918918919,
      0.8932432432432432,
      0.8824324324324324,
      0.8918918918918919
    ]
  }
}